,0
0,"<a href=""https://nt.gov.au"">
<img alt=""Northern Territory Government"" class=""navbar-image"" src=""/public/dist/images/nav/ntg-primary-spot-colour.svg""/>
</a>"
1,"<a class=""sitename"" href=""https://bushtel.nt.gov.au"">
<h1 class=""h1-responsive"">BUSHTEL</h1>
</a>"
2,"<a class=""nav-link"" href=""/"">
<i aria-hidden=""true"" class=""fa fa-lg fa-home""></i>
</a>"
3,"<a class=""nav-link"" href=""/search"">Search</a>"
4,"<a class=""nav-link"" href=""/profile"">Profiles</a>"
5,"<a class=""nav-link"" href=""/news"">News &amp; Events</a>"
6,"<a class=""nav-link"" href=""/projects"">Projects &amp; Grants</a>"
7,"<a class=""nav-link"" href=""/homelands"">Homelands</a>"
8,"<a class=""nav-link"" href=""/plans"">Community Plans</a>"
9,"<a class=""nav-link"" href=""/conversation"">The Conversation</a>"
10,"<a class=""nav-link"" href=""/extras"">BushTel Extra</a>"
11,"<a class=""nav-link"" href=""/public/pdf/Bushtel_User_Guide.pdf"" rel=""noopener noreferrer"" target=""_blank"">Help</a>"
12,"<a class=""ng-binding active"" href=""/profile?letter=A"" ng-class=""{'active': letter == activeLetter}"" ng-click=""activateLetter(letter)"" style="""">A</a>"
13,"<a class=""ng-binding"" href=""/profile?letter=B"" ng-class=""{'active': letter == activeLetter}"" ng-click=""activateLetter(letter)"">B</a>"
14,"<a class=""ng-binding"" href=""/profile?letter=C"" ng-class=""{'active': letter == activeLetter}"" ng-click=""activateLetter(letter)"">C</a>"
15,"<a class=""ng-binding"" href=""/profile?letter=D"" ng-class=""{'active': letter == activeLetter}"" ng-click=""activateLetter(letter)"">D</a>"
16,"<a class=""ng-binding"" href=""/profile?letter=E"" ng-class=""{'active': letter == activeLetter}"" ng-click=""activateLetter(letter)"">E</a>"
17,"<a class=""ng-binding"" href=""/profile?letter=F"" ng-class=""{'active': letter == activeLetter}"" ng-click=""activateLetter(letter)"">F</a>"
18,"<a class=""ng-binding"" href=""/profile?letter=G"" ng-class=""{'active': letter == activeLetter}"" ng-click=""activateLetter(letter)"">G</a>"
19,"<a class=""ng-binding"" href=""/profile?letter=H"" ng-class=""{'active': letter == activeLetter}"" ng-click=""activateLetter(letter)"">H</a>"
20,"<a class=""ng-binding"" href=""/profile?letter=I"" ng-class=""{'active': letter == activeLetter}"" ng-click=""activateLetter(letter)"">I</a>"
21,"<a class=""ng-binding"" href=""/profile?letter=J"" ng-class=""{'active': letter == activeLetter}"" ng-click=""activateLetter(letter)"">J</a>"
22,"<a class=""ng-binding"" href=""/profile?letter=K"" ng-class=""{'active': letter == activeLetter}"" ng-click=""activateLetter(letter)"">K</a>"
23,"<a class=""ng-binding"" href=""/profile?letter=L"" ng-class=""{'active': letter == activeLetter}"" ng-click=""activateLetter(letter)"">L</a>"
24,"<a class=""ng-binding"" href=""/profile?letter=M"" ng-class=""{'active': letter == activeLetter}"" ng-click=""activateLetter(letter)"">M</a>"
25,"<a class=""ng-binding"" href=""/profile?letter=N"" ng-class=""{'active': letter == activeLetter}"" ng-click=""activateLetter(letter)"">N</a>"
26,"<a class=""ng-binding"" href=""/profile?letter=O"" ng-class=""{'active': letter == activeLetter}"" ng-click=""activateLetter(letter)"">O</a>"
27,"<a class=""ng-binding"" href=""/profile?letter=P"" ng-class=""{'active': letter == activeLetter}"" ng-click=""activateLetter(letter)"">P</a>"
28,"<a class=""ng-binding"" href=""/profile?letter=Q"" ng-class=""{'active': letter == activeLetter}"" ng-click=""activateLetter(letter)"">Q</a>"
29,"<a class=""ng-binding"" href=""/profile?letter=R"" ng-class=""{'active': letter == activeLetter}"" ng-click=""activateLetter(letter)"">R</a>"
30,"<a class=""ng-binding"" href=""/profile?letter=S"" ng-class=""{'active': letter == activeLetter}"" ng-click=""activateLetter(letter)"">S</a>"
31,"<a class=""ng-binding"" href=""/profile?letter=T"" ng-class=""{'active': letter == activeLetter}"" ng-click=""activateLetter(letter)"">T</a>"
32,"<a class=""ng-binding"" href=""/profile?letter=U"" ng-class=""{'active': letter == activeLetter}"" ng-click=""activateLetter(letter)"">U</a>"
33,"<a class=""ng-binding"" href=""/profile?letter=V"" ng-class=""{'active': letter == activeLetter}"" ng-click=""activateLetter(letter)"">V</a>"
34,"<a class=""ng-binding"" href=""/profile?letter=W"" ng-class=""{'active': letter == activeLetter}"" ng-click=""activateLetter(letter)"">W</a>"
35,"<a class=""ng-binding"" href=""/profile?letter=X"" ng-class=""{'active': letter == activeLetter}"" ng-click=""activateLetter(letter)"">X</a>"
36,"<a class=""ng-binding"" href=""/profile?letter=Y"" ng-class=""{'active': letter == activeLetter}"" ng-click=""activateLetter(letter)"">Y</a>"
37,"<a class=""ng-binding"" href=""/profile?letter=Z"" ng-class=""{'active': letter == activeLetter}"" ng-click=""activateLetter(letter)"">Z</a>"
38,"<a href=""/map/279""> <i class=""fa fa-lg fa-globe""></i><span>Map</span> </a>"
39,"<a href=""/profile/279""> <i class=""fa fa-1-1x fa-file-text""></i><span>Profile</span> </a>"
40,"<a href=""https://www.ntlis.nt.gov.au/hpa-services/slapmaps?community_id=279"" ng-show=""row.SlapMapExists"" rel=""noopener noreferrer"" target=""_blank""> <i class=""fa fa-lg fa-map-pin""></i><span>SLAP Map</span> </a>"
41,"<a href=""/map/979""> <i class=""fa fa-lg fa-globe""></i><span>Map</span> </a>"
42,"<a href=""/profile/979""> <i class=""fa fa-1-1x fa-file-text""></i><span>Profile</span> </a>"
43,"<a href=""https://www.ntlis.nt.gov.au/hpa-services/slapmaps?community_id=979"" ng-show=""row.SlapMapExists"" rel=""noopener noreferrer"" target=""_blank""> <i class=""fa fa-lg fa-map-pin""></i><span>SLAP Map</span> </a>"
44,"<a href=""/map/1""> <i class=""fa fa-lg fa-globe""></i><span>Map</span> </a>"
45,"<a href=""/profile/1""> <i class=""fa fa-1-1x fa-file-text""></i><span>Profile</span> </a>"
46,"<a href=""https://www.ntlis.nt.gov.au/hpa-services/slapmaps?community_id=1"" ng-show=""row.SlapMapExists"" rel=""noopener noreferrer"" target=""_blank""> <i class=""fa fa-lg fa-map-pin""></i><span>SLAP Map</span> </a>"
47,"<a href=""/map/10153""> <i class=""fa fa-lg fa-globe""></i><span>Map</span> </a>"
48,"<a href=""/profile/10153""> <i class=""fa fa-1-1x fa-file-text""></i><span>Profile</span> </a>"
49,"<a class=""ng-hide"" href=""https://www.ntlis.nt.gov.au/hpa-services/slapmaps?community_id=10153"" ng-show=""row.SlapMapExists"" rel=""noopener noreferrer"" target=""_blank""> <i class=""fa fa-lg fa-map-pin""></i><span>SLAP Map</span> </a>"
50,"<a href=""/map/895""> <i class=""fa fa-lg fa-globe""></i><span>Map</span> </a>"
51,"<a href=""/profile/895""> <i class=""fa fa-1-1x fa-file-text""></i><span>Profile</span> </a>"
52,"<a href=""https://www.ntlis.nt.gov.au/hpa-services/slapmaps?community_id=895"" ng-show=""row.SlapMapExists"" rel=""noopener noreferrer"" target=""_blank""> <i class=""fa fa-lg fa-map-pin""></i><span>SLAP Map</span> </a>"
53,"<a href=""/map/787""> <i class=""fa fa-lg fa-globe""></i><span>Map</span> </a>"
54,"<a href=""/profile/787""> <i class=""fa fa-1-1x fa-file-text""></i><span>Profile</span> </a>"
55,"<a href=""https://www.ntlis.nt.gov.au/hpa-services/slapmaps?community_id=787"" ng-show=""row.SlapMapExists"" rel=""noopener noreferrer"" target=""_blank""> <i class=""fa fa-lg fa-map-pin""></i><span>SLAP Map</span> </a>"
56,"<a href=""/map/3""> <i class=""fa fa-lg fa-globe""></i><span>Map</span> </a>"
57,"<a href=""/profile/3""> <i class=""fa fa-1-1x fa-file-text""></i><span>Profile</span> </a>"
58,"<a href=""https://www.ntlis.nt.gov.au/hpa-services/slapmaps?community_id=3"" ng-show=""row.SlapMapExists"" rel=""noopener noreferrer"" target=""_blank""> <i class=""fa fa-lg fa-map-pin""></i><span>SLAP Map</span> </a>"
59,"<a href=""/map/959""> <i class=""fa fa-lg fa-globe""></i><span>Map</span> </a>"
60,"<a href=""/profile/959""> <i class=""fa fa-1-1x fa-file-text""></i><span>Profile</span> </a>"
61,"<a href=""https://www.ntlis.nt.gov.au/hpa-services/slapmaps?community_id=959"" ng-show=""row.SlapMapExists"" rel=""noopener noreferrer"" target=""_blank""> <i class=""fa fa-lg fa-map-pin""></i><span>SLAP Map</span> </a>"
62,"<a href=""/map/280""> <i class=""fa fa-lg fa-globe""></i><span>Map</span> </a>"
63,"<a href=""/profile/280""> <i class=""fa fa-1-1x fa-file-text""></i><span>Profile</span> </a>"
64,"<a href=""https://www.ntlis.nt.gov.au/hpa-services/slapmaps?community_id=280"" ng-show=""row.SlapMapExists"" rel=""noopener noreferrer"" target=""_blank""> <i class=""fa fa-lg fa-map-pin""></i><span>SLAP Map</span> </a>"
65,"<a href=""/map/693""> <i class=""fa fa-lg fa-globe""></i><span>Map</span> </a>"
66,"<a href=""/profile/693""> <i class=""fa fa-1-1x fa-file-text""></i><span>Profile</span> </a>"
67,"<a class=""ng-hide"" href=""https://www.ntlis.nt.gov.au/hpa-services/slapmaps?community_id=693"" ng-show=""row.SlapMapExists"" rel=""noopener noreferrer"" target=""_blank""> <i class=""fa fa-lg fa-map-pin""></i><span>SLAP Map</span> </a>"
68,"<a href=""/map/441""> <i class=""fa fa-lg fa-globe""></i><span>Map</span> </a>"
69,"<a href=""/profile/441""> <i class=""fa fa-1-1x fa-file-text""></i><span>Profile</span> </a>"
70,"<a href=""https://www.ntlis.nt.gov.au/hpa-services/slapmaps?community_id=441"" ng-show=""row.SlapMapExists"" rel=""noopener noreferrer"" target=""_blank""> <i class=""fa fa-lg fa-map-pin""></i><span>SLAP Map</span> </a>"
71,"<a href=""/map/202""> <i class=""fa fa-lg fa-globe""></i><span>Map</span> </a>"
72,"<a href=""/profile/202""> <i class=""fa fa-1-1x fa-file-text""></i><span>Profile</span> </a>"
73,"<a href=""https://www.ntlis.nt.gov.au/hpa-services/slapmaps?community_id=202"" ng-show=""row.SlapMapExists"" rel=""noopener noreferrer"" target=""_blank""> <i class=""fa fa-lg fa-map-pin""></i><span>SLAP Map</span> </a>"
74,"<a href=""/map/10219""> <i class=""fa fa-lg fa-globe""></i><span>Map</span> </a>"
75,"<a href=""/profile/10219""> <i class=""fa fa-1-1x fa-file-text""></i><span>Profile</span> </a>"
76,"<a class=""ng-hide"" href=""https://www.ntlis.nt.gov.au/hpa-services/slapmaps?community_id=10219"" ng-show=""row.SlapMapExists"" rel=""noopener noreferrer"" target=""_blank""> <i class=""fa fa-lg fa-map-pin""></i><span>SLAP Map</span> </a>"
77,"<a href=""/map/852""> <i class=""fa fa-lg fa-globe""></i><span>Map</span> </a>"
78,"<a href=""/profile/852""> <i class=""fa fa-1-1x fa-file-text""></i><span>Profile</span> </a>"
79,"<a href=""https://www.ntlis.nt.gov.au/hpa-services/slapmaps?community_id=852"" ng-show=""row.SlapMapExists"" rel=""noopener noreferrer"" target=""_blank""> <i class=""fa fa-lg fa-map-pin""></i><span>SLAP Map</span> </a>"
80,"<a href=""/map/4""> <i class=""fa fa-lg fa-globe""></i><span>Map</span> </a>"
81,"<a href=""/profile/4""> <i class=""fa fa-1-1x fa-file-text""></i><span>Profile</span> </a>"
82,"<a href=""https://www.ntlis.nt.gov.au/hpa-services/slapmaps?community_id=4"" ng-show=""row.SlapMapExists"" rel=""noopener noreferrer"" target=""_blank""> <i class=""fa fa-lg fa-map-pin""></i><span>SLAP Map</span> </a>"
83,"<a href=""/map/769""> <i class=""fa fa-lg fa-globe""></i><span>Map</span> </a>"
84,"<a href=""/profile/769""> <i class=""fa fa-1-1x fa-file-text""></i><span>Profile</span> </a>"
85,"<a href=""https://www.ntlis.nt.gov.au/hpa-services/slapmaps?community_id=769"" ng-show=""row.SlapMapExists"" rel=""noopener noreferrer"" target=""_blank""> <i class=""fa fa-lg fa-map-pin""></i><span>SLAP Map</span> </a>"
86,"<a href=""/map/714""> <i class=""fa fa-lg fa-globe""></i><span>Map</span> </a>"
87,"<a href=""/profile/714""> <i class=""fa fa-1-1x fa-file-text""></i><span>Profile</span> </a>"
88,"<a href=""https://www.ntlis.nt.gov.au/hpa-services/slapmaps?community_id=714"" ng-show=""row.SlapMapExists"" rel=""noopener noreferrer"" target=""_blank""> <i class=""fa fa-lg fa-map-pin""></i><span>SLAP Map</span> </a>"
89,"<a href=""/map/7""> <i class=""fa fa-lg fa-globe""></i><span>Map</span> </a>"
90,"<a href=""/profile/7""> <i class=""fa fa-1-1x fa-file-text""></i><span>Profile</span> </a>"
91,"<a class=""ng-hide"" href=""https://www.ntlis.nt.gov.au/hpa-services/slapmaps?community_id=7"" ng-show=""row.SlapMapExists"" rel=""noopener noreferrer"" target=""_blank""> <i class=""fa fa-lg fa-map-pin""></i><span>SLAP Map</span> </a>"
92,"<a href=""/map/203""> <i class=""fa fa-lg fa-globe""></i><span>Map</span> </a>"
93,"<a href=""/profile/203""> <i class=""fa fa-1-1x fa-file-text""></i><span>Profile</span> </a>"
94,"<a href=""https://www.ntlis.nt.gov.au/hpa-services/slapmaps?community_id=203"" ng-show=""row.SlapMapExists"" rel=""noopener noreferrer"" target=""_blank""> <i class=""fa fa-lg fa-map-pin""></i><span>SLAP Map</span> </a>"
95,"<a href=""/map/10270""> <i class=""fa fa-lg fa-globe""></i><span>Map</span> </a>"
96,"<a href=""/profile/10270""> <i class=""fa fa-1-1x fa-file-text""></i><span>Profile</span> </a>"
97,"<a class=""ng-hide"" href=""https://www.ntlis.nt.gov.au/hpa-services/slapmaps?community_id=10270"" ng-show=""row.SlapMapExists"" rel=""noopener noreferrer"" target=""_blank""> <i class=""fa fa-lg fa-map-pin""></i><span>SLAP Map</span> </a>"
98,"<a href=""/map/24991""> <i class=""fa fa-lg fa-globe""></i><span>Map</span> </a>"
99,"<a href=""/profile/24991""> <i class=""fa fa-1-1x fa-file-text""></i><span>Profile</span> </a>"
100,"<a class=""ng-hide"" href=""https://www.ntlis.nt.gov.au/hpa-services/slapmaps?community_id=24991"" ng-show=""row.SlapMapExists"" rel=""noopener noreferrer"" target=""_blank""> <i class=""fa fa-lg fa-map-pin""></i><span>SLAP Map</span> </a>"
101,"<a href=""/map/442""> <i class=""fa fa-lg fa-globe""></i><span>Map</span> </a>"
102,"<a href=""/profile/442""> <i class=""fa fa-1-1x fa-file-text""></i><span>Profile</span> </a>"
103,"<a class=""ng-hide"" href=""https://www.ntlis.nt.gov.au/hpa-services/slapmaps?community_id=442"" ng-show=""row.SlapMapExists"" rel=""noopener noreferrer"" target=""_blank""> <i class=""fa fa-lg fa-map-pin""></i><span>SLAP Map</span> </a>"
104,"<a href=""/map/2""> <i class=""fa fa-lg fa-globe""></i><span>Map</span> </a>"
105,"<a href=""/profile/2""> <i class=""fa fa-1-1x fa-file-text""></i><span>Profile</span> </a>"
106,"<a href=""https://www.ntlis.nt.gov.au/hpa-services/slapmaps?community_id=2"" ng-show=""row.SlapMapExists"" rel=""noopener noreferrer"" target=""_blank""> <i class=""fa fa-lg fa-map-pin""></i><span>SLAP Map</span> </a>"
107,"<a href=""/map/622""> <i class=""fa fa-lg fa-globe""></i><span>Map</span> </a>"
108,"<a href=""/profile/622""> <i class=""fa fa-1-1x fa-file-text""></i><span>Profile</span> </a>"
109,"<a href=""https://www.ntlis.nt.gov.au/hpa-services/slapmaps?community_id=622"" ng-show=""row.SlapMapExists"" rel=""noopener noreferrer"" target=""_blank""> <i class=""fa fa-lg fa-map-pin""></i><span>SLAP Map</span> </a>"
110,"<a href=""/map/445""> <i class=""fa fa-lg fa-globe""></i><span>Map</span> </a>"
111,"<a href=""/profile/445""> <i class=""fa fa-1-1x fa-file-text""></i><span>Profile</span> </a>"
112,"<a class=""ng-hide"" href=""https://www.ntlis.nt.gov.au/hpa-services/slapmaps?community_id=445"" ng-show=""row.SlapMapExists"" rel=""noopener noreferrer"" target=""_blank""> <i class=""fa fa-lg fa-map-pin""></i><span>SLAP Map</span> </a>"
113,"<a href=""/map/427""> <i class=""fa fa-lg fa-globe""></i><span>Map</span> </a>"
114,"<a href=""/profile/427""> <i class=""fa fa-1-1x fa-file-text""></i><span>Profile</span> </a>"
115,"<a href=""https://www.ntlis.nt.gov.au/hpa-services/slapmaps?community_id=427"" ng-show=""row.SlapMapExists"" rel=""noopener noreferrer"" target=""_blank""> <i class=""fa fa-lg fa-map-pin""></i><span>SLAP Map</span> </a>"
116,"<a href=""/map/282""> <i class=""fa fa-lg fa-globe""></i><span>Map</span> </a>"
117,"<a href=""/profile/282""> <i class=""fa fa-1-1x fa-file-text""></i><span>Profile</span> </a>"
118,"<a href=""https://www.ntlis.nt.gov.au/hpa-services/slapmaps?community_id=282"" ng-show=""row.SlapMapExists"" rel=""noopener noreferrer"" target=""_blank""> <i class=""fa fa-lg fa-map-pin""></i><span>SLAP Map</span> </a>"
119,"<a href=""/map/104""> <i class=""fa fa-lg fa-globe""></i><span>Map</span> </a>"
120,"<a href=""/profile/104""> <i class=""fa fa-1-1x fa-file-text""></i><span>Profile</span> </a>"
121,"<a href=""https://www.ntlis.nt.gov.au/hpa-services/slapmaps?community_id=104"" ng-show=""row.SlapMapExists"" rel=""noopener noreferrer"" target=""_blank""> <i class=""fa fa-lg fa-map-pin""></i><span>SLAP Map</span> </a>"
122,"<a href=""/map/446""> <i class=""fa fa-lg fa-globe""></i><span>Map</span> </a>"
123,"<a href=""/profile/446""> <i class=""fa fa-1-1x fa-file-text""></i><span>Profile</span> </a>"
124,"<a href=""https://www.ntlis.nt.gov.au/hpa-services/slapmaps?community_id=446"" ng-show=""row.SlapMapExists"" rel=""noopener noreferrer"" target=""_blank""> <i class=""fa fa-lg fa-map-pin""></i><span>SLAP Map</span> </a>"
125,"<a href=""/map/9""> <i class=""fa fa-lg fa-globe""></i><span>Map</span> </a>"
126,"<a href=""/profile/9""> <i class=""fa fa-1-1x fa-file-text""></i><span>Profile</span> </a>"
127,"<a href=""https://www.ntlis.nt.gov.au/hpa-services/slapmaps?community_id=9"" ng-show=""row.SlapMapExists"" rel=""noopener noreferrer"" target=""_blank""> <i class=""fa fa-lg fa-map-pin""></i><span>SLAP Map</span> </a>"
128,"<a href=""/map/10""> <i class=""fa fa-lg fa-globe""></i><span>Map</span> </a>"
129,"<a href=""/profile/10""> <i class=""fa fa-1-1x fa-file-text""></i><span>Profile</span> </a>"
130,"<a href=""https://www.ntlis.nt.gov.au/hpa-services/slapmaps?community_id=10"" ng-show=""row.SlapMapExists"" rel=""noopener noreferrer"" target=""_blank""> <i class=""fa fa-lg fa-map-pin""></i><span>SLAP Map</span> </a>"
131,"<a href=""/map/11""> <i class=""fa fa-lg fa-globe""></i><span>Map</span> </a>"
132,"<a href=""/profile/11""> <i class=""fa fa-1-1x fa-file-text""></i><span>Profile</span> </a>"
133,"<a href=""https://www.ntlis.nt.gov.au/hpa-services/slapmaps?community_id=11"" ng-show=""row.SlapMapExists"" rel=""noopener noreferrer"" target=""_blank""> <i class=""fa fa-lg fa-map-pin""></i><span>SLAP Map</span> </a>"
134,"<a href=""/map/761""> <i class=""fa fa-lg fa-globe""></i><span>Map</span> </a>"
135,"<a href=""/profile/761""> <i class=""fa fa-1-1x fa-file-text""></i><span>Profile</span> </a>"
136,"<a href=""https://www.ntlis.nt.gov.au/hpa-services/slapmaps?community_id=761"" ng-show=""row.SlapMapExists"" rel=""noopener noreferrer"" target=""_blank""> <i class=""fa fa-lg fa-map-pin""></i><span>SLAP Map</span> </a>"
137,"<a href=""/map/449""> <i class=""fa fa-lg fa-globe""></i><span>Map</span> </a>"
138,"<a href=""/profile/449""> <i class=""fa fa-1-1x fa-file-text""></i><span>Profile</span> </a>"
139,"<a href=""https://www.ntlis.nt.gov.au/hpa-services/slapmaps?community_id=449"" ng-show=""row.SlapMapExists"" rel=""noopener noreferrer"" target=""_blank""> <i class=""fa fa-lg fa-map-pin""></i><span>SLAP Map</span> </a>"
140,"<a href=""/map/13""> <i class=""fa fa-lg fa-globe""></i><span>Map</span> </a>"
141,"<a href=""/profile/13""> <i class=""fa fa-1-1x fa-file-text""></i><span>Profile</span> </a>"
142,"<a href=""https://www.ntlis.nt.gov.au/hpa-services/slapmaps?community_id=13"" ng-show=""row.SlapMapExists"" rel=""noopener noreferrer"" target=""_blank""> <i class=""fa fa-lg fa-map-pin""></i><span>SLAP Map</span> </a>"
143,"<a href=""/map/916""> <i class=""fa fa-lg fa-globe""></i><span>Map</span> </a>"
144,"<a href=""/profile/916""> <i class=""fa fa-1-1x fa-file-text""></i><span>Profile</span> </a>"
145,"<a href=""https://www.ntlis.nt.gov.au/hpa-services/slapmaps?community_id=916"" ng-show=""row.SlapMapExists"" rel=""noopener noreferrer"" target=""_blank""> <i class=""fa fa-lg fa-map-pin""></i><span>SLAP Map</span> </a>"
146,"<a href=""/map/917""> <i class=""fa fa-lg fa-globe""></i><span>Map</span> </a>"
147,"<a href=""/profile/917""> <i class=""fa fa-1-1x fa-file-text""></i><span>Profile</span> </a>"
148,"<a href=""https://www.ntlis.nt.gov.au/hpa-services/slapmaps?community_id=917"" ng-show=""row.SlapMapExists"" rel=""noopener noreferrer"" target=""_blank""> <i class=""fa fa-lg fa-map-pin""></i><span>SLAP Map</span> </a>"
149,"<a href=""/map/918""> <i class=""fa fa-lg fa-globe""></i><span>Map</span> </a>"
150,"<a href=""/profile/918""> <i class=""fa fa-1-1x fa-file-text""></i><span>Profile</span> </a>"
151,"<a href=""https://www.ntlis.nt.gov.au/hpa-services/slapmaps?community_id=918"" ng-show=""row.SlapMapExists"" rel=""noopener noreferrer"" target=""_blank""> <i class=""fa fa-lg fa-map-pin""></i><span>SLAP Map</span> </a>"
152,"<a href=""/map/12""> <i class=""fa fa-lg fa-globe""></i><span>Map</span> </a>"
153,"<a href=""/profile/12""> <i class=""fa fa-1-1x fa-file-text""></i><span>Profile</span> </a>"
154,"<a href=""https://www.ntlis.nt.gov.au/hpa-services/slapmaps?community_id=12"" ng-show=""row.SlapMapExists"" rel=""noopener noreferrer"" target=""_blank""> <i class=""fa fa-lg fa-map-pin""></i><span>SLAP Map</span> </a>"
155,"<a href=""/map/451""> <i class=""fa fa-lg fa-globe""></i><span>Map</span> </a>"
156,"<a href=""/profile/451""> <i class=""fa fa-1-1x fa-file-text""></i><span>Profile</span> </a>"
157,"<a href=""https://www.ntlis.nt.gov.au/hpa-services/slapmaps?community_id=451"" ng-show=""row.SlapMapExists"" rel=""noopener noreferrer"" target=""_blank""> <i class=""fa fa-lg fa-map-pin""></i><span>SLAP Map</span> </a>"
158,"<a href=""/map/960""> <i class=""fa fa-lg fa-globe""></i><span>Map</span> </a>"
159,"<a href=""/profile/960""> <i class=""fa fa-1-1x fa-file-text""></i><span>Profile</span> </a>"
160,"<a href=""https://www.ntlis.nt.gov.au/hpa-services/slapmaps?community_id=960"" ng-show=""row.SlapMapExists"" rel=""noopener noreferrer"" target=""_blank""> <i class=""fa fa-lg fa-map-pin""></i><span>SLAP Map</span> </a>"
161,"<a href=""/map/285""> <i class=""fa fa-lg fa-globe""></i><span>Map</span> </a>"
162,"<a href=""/profile/285""> <i class=""fa fa-1-1x fa-file-text""></i><span>Profile</span> </a>"
163,"<a href=""https://www.ntlis.nt.gov.au/hpa-services/slapmaps?community_id=285"" ng-show=""row.SlapMapExists"" rel=""noopener noreferrer"" target=""_blank""> <i class=""fa fa-lg fa-map-pin""></i><span>SLAP Map</span> </a>"
164,"<a href=""/map/170""> <i class=""fa fa-lg fa-globe""></i><span>Map</span> </a>"
165,"<a href=""/profile/170""> <i class=""fa fa-1-1x fa-file-text""></i><span>Profile</span> </a>"
166,"<a href=""https://www.ntlis.nt.gov.au/hpa-services/slapmaps?community_id=170"" ng-show=""row.SlapMapExists"" rel=""noopener noreferrer"" target=""_blank""> <i class=""fa fa-lg fa-map-pin""></i><span>SLAP Map</span> </a>"
167,"<a href=""/map/823""> <i class=""fa fa-lg fa-globe""></i><span>Map</span> </a>"
168,"<a href=""/profile/823""> <i class=""fa fa-1-1x fa-file-text""></i><span>Profile</span> </a>"
169,"<a href=""https://www.ntlis.nt.gov.au/hpa-services/slapmaps?community_id=823"" ng-show=""row.SlapMapExists"" rel=""noopener noreferrer"" target=""_blank""> <i class=""fa fa-lg fa-map-pin""></i><span>SLAP Map</span> </a>"
170,"<a href=""/map/1021""> <i class=""fa fa-lg fa-globe""></i><span>Map</span> </a>"
171,"<a href=""/profile/1021""> <i class=""fa fa-1-1x fa-file-text""></i><span>Profile</span> </a>"
172,"<a class=""ng-hide"" href=""https://www.ntlis.nt.gov.au/hpa-services/slapmaps?community_id=1021"" ng-show=""row.SlapMapExists"" rel=""noopener noreferrer"" target=""_blank""> <i class=""fa fa-lg fa-map-pin""></i><span>SLAP Map</span> </a>"
173,"<a href=""/map/14""> <i class=""fa fa-lg fa-globe""></i><span>Map</span> </a>"
174,"<a href=""/profile/14""> <i class=""fa fa-1-1x fa-file-text""></i><span>Profile</span> </a>"
175,"<a class=""ng-hide"" href=""https://www.ntlis.nt.gov.au/hpa-services/slapmaps?community_id=14"" ng-show=""row.SlapMapExists"" rel=""noopener noreferrer"" target=""_blank""> <i class=""fa fa-lg fa-map-pin""></i><span>SLAP Map</span> </a>"
176,"<a href=""/map/788""> <i class=""fa fa-lg fa-globe""></i><span>Map</span> </a>"
177,"<a href=""/profile/788""> <i class=""fa fa-1-1x fa-file-text""></i><span>Profile</span> </a>"
178,"<a class=""ng-hide"" href=""https://www.ntlis.nt.gov.au/hpa-services/slapmaps?community_id=788"" ng-show=""row.SlapMapExists"" rel=""noopener noreferrer"" target=""_blank""> <i class=""fa fa-lg fa-map-pin""></i><span>SLAP Map</span> </a>"
179,"<a href=""/map/16""> <i class=""fa fa-lg fa-globe""></i><span>Map</span> </a>"
180,"<a href=""/profile/16""> <i class=""fa fa-1-1x fa-file-text""></i><span>Profile</span> </a>"
181,"<a href=""https://www.ntlis.nt.gov.au/hpa-services/slapmaps?community_id=16"" ng-show=""row.SlapMapExists"" rel=""noopener noreferrer"" target=""_blank""> <i class=""fa fa-lg fa-map-pin""></i><span>SLAP Map</span> </a>"
182,"<a href=""/map/17""> <i class=""fa fa-lg fa-globe""></i><span>Map</span> </a>"
183,"<a href=""/profile/17""> <i class=""fa fa-1-1x fa-file-text""></i><span>Profile</span> </a>"
184,"<a href=""https://www.ntlis.nt.gov.au/hpa-services/slapmaps?community_id=17"" ng-show=""row.SlapMapExists"" rel=""noopener noreferrer"" target=""_blank""> <i class=""fa fa-lg fa-map-pin""></i><span>SLAP Map</span> </a>"
185,"<a href=""/map/19""> <i class=""fa fa-lg fa-globe""></i><span>Map</span> </a>"
186,"<a href=""/profile/19""> <i class=""fa fa-1-1x fa-file-text""></i><span>Profile</span> </a>"
187,"<a href=""https://www.ntlis.nt.gov.au/hpa-services/slapmaps?community_id=19"" ng-show=""row.SlapMapExists"" rel=""noopener noreferrer"" target=""_blank""> <i class=""fa fa-lg fa-map-pin""></i><span>SLAP Map</span> </a>"
188,"<a href=""/map/335""> <i class=""fa fa-lg fa-globe""></i><span>Map</span> </a>"
189,"<a href=""/profile/335""> <i class=""fa fa-1-1x fa-file-text""></i><span>Profile</span> </a>"
190,"<a class=""ng-hide"" href=""https://www.ntlis.nt.gov.au/hpa-services/slapmaps?community_id=335"" ng-show=""row.SlapMapExists"" rel=""noopener noreferrer"" target=""_blank""> <i class=""fa fa-lg fa-map-pin""></i><span>SLAP Map</span> </a>"
191,"<a href=""/map/288""> <i class=""fa fa-lg fa-globe""></i><span>Map</span> </a>"
192,"<a href=""/profile/288""> <i class=""fa fa-1-1x fa-file-text""></i><span>Profile</span> </a>"
193,"<a href=""https://www.ntlis.nt.gov.au/hpa-services/slapmaps?community_id=288"" ng-show=""row.SlapMapExists"" rel=""noopener noreferrer"" target=""_blank""> <i class=""fa fa-lg fa-map-pin""></i><span>SLAP Map</span> </a>"
194,"<a href=""/map/147""> <i class=""fa fa-lg fa-globe""></i><span>Map</span> </a>"
195,"<a href=""/profile/147""> <i class=""fa fa-1-1x fa-file-text""></i><span>Profile</span> </a>"
196,"<a href=""https://www.ntlis.nt.gov.au/hpa-services/slapmaps?community_id=147"" ng-show=""row.SlapMapExists"" rel=""noopener noreferrer"" target=""_blank""> <i class=""fa fa-lg fa-map-pin""></i><span>SLAP Map</span> </a>"
197,"<a href=""/map/20""> <i class=""fa fa-lg fa-globe""></i><span>Map</span> </a>"
198,"<a href=""/profile/20""> <i class=""fa fa-1-1x fa-file-text""></i><span>Profile</span> </a>"
199,"<a href=""https://www.ntlis.nt.gov.au/hpa-services/slapmaps?community_id=20"" ng-show=""row.SlapMapExists"" rel=""noopener noreferrer"" target=""_blank""> <i class=""fa fa-lg fa-map-pin""></i><span>SLAP Map</span> </a>"
200,"<a href=""/map/1023""> <i class=""fa fa-lg fa-globe""></i><span>Map</span> </a>"
201,"<a href=""/profile/1023""> <i class=""fa fa-1-1x fa-file-text""></i><span>Profile</span> </a>"
202,"<a class=""ng-hide"" href=""https://www.ntlis.nt.gov.au/hpa-services/slapmaps?community_id=1023"" ng-show=""row.SlapMapExists"" rel=""noopener noreferrer"" target=""_blank""> <i class=""fa fa-lg fa-map-pin""></i><span>SLAP Map</span> </a>"
203,"<a href=""/map/168""> <i class=""fa fa-lg fa-globe""></i><span>Map</span> </a>"
204,"<a href=""/profile/168""> <i class=""fa fa-1-1x fa-file-text""></i><span>Profile</span> </a>"
205,"<a href=""https://www.ntlis.nt.gov.au/hpa-services/slapmaps?community_id=168"" ng-show=""row.SlapMapExists"" rel=""noopener noreferrer"" target=""_blank""> <i class=""fa fa-lg fa-map-pin""></i><span>SLAP Map</span> </a>"
206,"<a href=""/map/968""> <i class=""fa fa-lg fa-globe""></i><span>Map</span> </a>"
207,"<a href=""/profile/968""> <i class=""fa fa-1-1x fa-file-text""></i><span>Profile</span> </a>"
208,"<a class=""ng-hide"" href=""https://www.ntlis.nt.gov.au/hpa-services/slapmaps?community_id=968"" ng-show=""row.SlapMapExists"" rel=""noopener noreferrer"" target=""_blank""> <i class=""fa fa-lg fa-map-pin""></i><span>SLAP Map</span> </a>"
209,"<a href=""/map/79""> <i class=""fa fa-lg fa-globe""></i><span>Map</span> </a>"
210,"<a href=""/profile/79""> <i class=""fa fa-1-1x fa-file-text""></i><span>Profile</span> </a>"
211,"<a href=""https://www.ntlis.nt.gov.au/hpa-services/slapmaps?community_id=79"" ng-show=""row.SlapMapExists"" rel=""noopener noreferrer"" target=""_blank""> <i class=""fa fa-lg fa-map-pin""></i><span>SLAP Map</span> </a>"
212,"<a href=""/map/735""> <i class=""fa fa-lg fa-globe""></i><span>Map</span> </a>"
213,"<a href=""/profile/735""> <i class=""fa fa-1-1x fa-file-text""></i><span>Profile</span> </a>"
214,"<a class=""ng-hide"" href=""https://www.ntlis.nt.gov.au/hpa-services/slapmaps?community_id=735"" ng-show=""row.SlapMapExists"" rel=""noopener noreferrer"" target=""_blank""> <i class=""fa fa-lg fa-map-pin""></i><span>SLAP Map</span> </a>"
215,"<a href=""/map/893""> <i class=""fa fa-lg fa-globe""></i><span>Map</span> </a>"
216,"<a href=""/profile/893""> <i class=""fa fa-1-1x fa-file-text""></i><span>Profile</span> </a>"
217,"<a href=""https://www.ntlis.nt.gov.au/hpa-services/slapmaps?community_id=893"" ng-show=""row.SlapMapExists"" rel=""noopener noreferrer"" target=""_blank""> <i class=""fa fa-lg fa-map-pin""></i><span>SLAP Map</span> </a>"
218,"<a href=""/map/919""> <i class=""fa fa-lg fa-globe""></i><span>Map</span> </a>"
219,"<a href=""/profile/919""> <i class=""fa fa-1-1x fa-file-text""></i><span>Profile</span> </a>"
220,"<a href=""https://www.ntlis.nt.gov.au/hpa-services/slapmaps?community_id=919"" ng-show=""row.SlapMapExists"" rel=""noopener noreferrer"" target=""_blank""> <i class=""fa fa-lg fa-map-pin""></i><span>SLAP Map</span> </a>"
221,"<a href=""/map/21""> <i class=""fa fa-lg fa-globe""></i><span>Map</span> </a>"
222,"<a href=""/profile/21""> <i class=""fa fa-1-1x fa-file-text""></i><span>Profile</span> </a>"
223,"<a href=""https://www.ntlis.nt.gov.au/hpa-services/slapmaps?community_id=21"" ng-show=""row.SlapMapExists"" rel=""noopener noreferrer"" target=""_blank""> <i class=""fa fa-lg fa-map-pin""></i><span>SLAP Map</span> </a>"
224,"<a href=""/map/910""> <i class=""fa fa-lg fa-globe""></i><span>Map</span> </a>"
225,"<a href=""/profile/910""> <i class=""fa fa-1-1x fa-file-text""></i><span>Profile</span> </a>"
226,"<a href=""https://www.ntlis.nt.gov.au/hpa-services/slapmaps?community_id=910"" ng-show=""row.SlapMapExists"" rel=""noopener noreferrer"" target=""_blank""> <i class=""fa fa-lg fa-map-pin""></i><span>SLAP Map</span> </a>"
227,"<a href=""/map/22""> <i class=""fa fa-lg fa-globe""></i><span>Map</span> </a>"
228,"<a href=""/profile/22""> <i class=""fa fa-1-1x fa-file-text""></i><span>Profile</span> </a>"
229,"<a href=""https://www.ntlis.nt.gov.au/hpa-services/slapmaps?community_id=22"" ng-show=""row.SlapMapExists"" rel=""noopener noreferrer"" target=""_blank""> <i class=""fa fa-lg fa-map-pin""></i><span>SLAP Map</span> </a>"
230,"<a href=""/map/712""> <i class=""fa fa-lg fa-globe""></i><span>Map</span> </a>"
231,"<a href=""/profile/712""> <i class=""fa fa-1-1x fa-file-text""></i><span>Profile</span> </a>"
232,"<a href=""https://www.ntlis.nt.gov.au/hpa-services/slapmaps?community_id=712"" ng-show=""row.SlapMapExists"" rel=""noopener noreferrer"" target=""_blank""> <i class=""fa fa-lg fa-map-pin""></i><span>SLAP Map</span> </a>"
233,"<a href=""/map/729""> <i class=""fa fa-lg fa-globe""></i><span>Map</span> </a>"
234,"<a href=""/profile/729""> <i class=""fa fa-1-1x fa-file-text""></i><span>Profile</span> </a>"
235,"<a href=""https://www.ntlis.nt.gov.au/hpa-services/slapmaps?community_id=729"" ng-show=""row.SlapMapExists"" rel=""noopener noreferrer"" target=""_blank""> <i class=""fa fa-lg fa-map-pin""></i><span>SLAP Map</span> </a>"
236,"<a href=""/map/42""> <i class=""fa fa-lg fa-globe""></i><span>Map</span> </a>"
237,"<a href=""/profile/42""> <i class=""fa fa-1-1x fa-file-text""></i><span>Profile</span> </a>"
238,"<a href=""https://www.ntlis.nt.gov.au/hpa-services/slapmaps?community_id=42"" ng-show=""row.SlapMapExists"" rel=""noopener noreferrer"" target=""_blank""> <i class=""fa fa-lg fa-map-pin""></i><span>SLAP Map</span> </a>"
239,"<a href=""/map/1015""> <i class=""fa fa-lg fa-globe""></i><span>Map</span> </a>"
240,"<a href=""/profile/1015""> <i class=""fa fa-1-1x fa-file-text""></i><span>Profile</span> </a>"
241,"<a href=""https://www.ntlis.nt.gov.au/hpa-services/slapmaps?community_id=1015"" ng-show=""row.SlapMapExists"" rel=""noopener noreferrer"" target=""_blank""> <i class=""fa fa-lg fa-map-pin""></i><span>SLAP Map</span> </a>"
242,"<a href=""/map/146""> <i class=""fa fa-lg fa-globe""></i><span>Map</span> </a>"
243,"<a href=""/profile/146""> <i class=""fa fa-1-1x fa-file-text""></i><span>Profile</span> </a>"
244,"<a href=""https://www.ntlis.nt.gov.au/hpa-services/slapmaps?community_id=146"" ng-show=""row.SlapMapExists"" rel=""noopener noreferrer"" target=""_blank""> <i class=""fa fa-lg fa-map-pin""></i><span>SLAP Map</span> </a>"
245,"<a href=""/map/24995""> <i class=""fa fa-lg fa-globe""></i><span>Map</span> </a>"
246,"<a href=""/profile/24995""> <i class=""fa fa-1-1x fa-file-text""></i><span>Profile</span> </a>"
247,"<a class=""ng-hide"" href=""https://www.ntlis.nt.gov.au/hpa-services/slapmaps?community_id=24995"" ng-show=""row.SlapMapExists"" rel=""noopener noreferrer"" target=""_blank""> <i class=""fa fa-lg fa-map-pin""></i><span>SLAP Map</span> </a>"
248,"<a href=""/map/27""> <i class=""fa fa-lg fa-globe""></i><span>Map</span> </a>"
249,"<a href=""/profile/27""> <i class=""fa fa-1-1x fa-file-text""></i><span>Profile</span> </a>"
250,"<a href=""https://www.ntlis.nt.gov.au/hpa-services/slapmaps?community_id=27"" ng-show=""row.SlapMapExists"" rel=""noopener noreferrer"" target=""_blank""> <i class=""fa fa-lg fa-map-pin""></i><span>SLAP Map</span> </a>"
251,"<a href=""/map/23""> <i class=""fa fa-lg fa-globe""></i><span>Map</span> </a>"
252,"<a href=""/profile/23""> <i class=""fa fa-1-1x fa-file-text""></i><span>Profile</span> </a>"
253,"<a href=""https://www.ntlis.nt.gov.au/hpa-services/slapmaps?community_id=23"" ng-show=""row.SlapMapExists"" rel=""noopener noreferrer"" target=""_blank""> <i class=""fa fa-lg fa-map-pin""></i><span>SLAP Map</span> </a>"
254,"<a href=""/map/754""> <i class=""fa fa-lg fa-globe""></i><span>Map</span> </a>"
255,"<a href=""/profile/754""> <i class=""fa fa-1-1x fa-file-text""></i><span>Profile</span> </a>"
256,"<a href=""https://www.ntlis.nt.gov.au/hpa-services/slapmaps?community_id=754"" ng-show=""row.SlapMapExists"" rel=""noopener noreferrer"" target=""_blank""> <i class=""fa fa-lg fa-map-pin""></i><span>SLAP Map</span> </a>"
257,"<a class=""button"" href=""http://outdatedbrowser.com"">Update your browser</a>"
258,"<a href=""https://nt.gov.au/page/copyright-disclaimer-and-privacy"">Copyright, disclaimer and privacy</a>"
259,"<a href=""https://nt.gov.au/page/accessibility"">Accessibility</a>"
260,"<a href=""https://nt.gov.au/page/interpreter-services"">Interpreter services</a>"
